sample_id,actual_LDH,predicted_LDH,absolute_error
EXP1_011,-0.315,0.21231559,0.5273156
EXP1_005,-0.182,0.16061646,0.34261644
EXP1_013,0.006,-0.09877881,0.104778804
EXP1_016,0.044,0.40995136,0.36595136
EXP1_001,0.129,-0.37005928,0.49905926
EXP1_040,0.264,0.19108093,0.07291907
EXP1_019,0.298,0.4554053,0.15740529
EXP1_027,0.329,0.525575,0.19657499
EXP1_036,0.375,0.12155328,0.25344673
EXP1_045,0.436,0.55232817,0.11632818
EXP1_031,0.459,0.6436639,0.18466389
EXP1_056,0.512,0.94053286,0.42853284
EXP1_066,0.554,0.4423734,0.111626625
EXP1_029,0.576,0.4252846,0.15071538
EXP1_023,0.617,0.66341144,0.046411455
EXP1_079,0.691,0.20131245,0.48968753
EXP1_041,0.731,0.4242777,0.3067223
EXP1_091,0.787,0.7554347,0.03156531
EXP1_068,0.816,0.70945007,0.10654992
EXP1_063,0.882,0.41699243,0.4650076
EXP1_073,1.048,0.73469716,0.31330281
EXP1_084,1.068,1.0161775,0.051822424
EXP1_069,1.093,0.43999672,0.65300333
EXP1_050,1.375,0.3256841,1.0493159
